command_type	file	exit_status
ffprobe	Air3s_normal.MP4	0
preview_p010	Air3s_normal.MP4	0
preview_p025	Air3s_normal.MP4	0
preview_p050	Air3s_normal.MP4	0
preview_p075	Air3s_normal.MP4	0
preview_p090	Air3s_normal.MP4	0
ffprobe	Air3s_D-logM.MP4	0
preview_p010	Air3s_D-logM.MP4	0
preview_p025	Air3s_D-logM.MP4	0
preview_p050	Air3s_D-logM.MP4	0
preview_p075	Air3s_D-logM.MP4	0
preview_p090	Air3s_D-logM.MP4	0
ffprobe	Air3s_HLG.MP4	0
preview_p010	Air3s_HLG.MP4	0
preview_p025	Air3s_HLG.MP4	0
preview_p050	Air3s_HLG.MP4	0
preview_p075	Air3s_HLG.MP4	0
preview_p090	Air3s_HLG.MP4	0
ffprobe	Air3s_D-logM(1).MP4	0
preview_p010	Air3s_D-logM(1).MP4	0
preview_p025	Air3s_D-logM(1).MP4	0
preview_p050	Air3s_D-logM(1).MP4	0
preview_p075	Air3s_D-logM(1).MP4	0
preview_p090	Air3s_D-logM(1).MP4	0
ffprobe	Coler_normal.MP4	0
preview_p010	Coler_normal.MP4	0
preview_p025	Coler_normal.MP4	0
preview_p050	Coler_normal.MP4	0
preview_p075	Coler_normal.MP4	0
preview_p090	Coler_normal.MP4	0
ffprobe	Coler_HDR.MP4	0
preview_p010	Coler_HDR.MP4	0
preview_p025	Coler_HDR.MP4	0
preview_p050	Coler_HDR.MP4	0
preview_p075	Coler_HDR.MP4	0
preview_p090	Coler_HDR.MP4	0
ffprobe	Coler_D-LogM_24mm.MP4	0
preview_p010	Coler_D-LogM_24mm.MP4	0
preview_p025	Coler_D-LogM_24mm.MP4	0
preview_p050	Coler_D-LogM_24mm.MP4	0
preview_p075	Coler_D-LogM_24mm.MP4	0
preview_p090	Coler_D-LogM_24mm.MP4	0
ffprobe	Coler_D-LogM_70mm.MP4	0
preview_p010	Coler_D-LogM_70mm.MP4	0
preview_p025	Coler_D-LogM_70mm.MP4	0
preview_p050	Coler_D-LogM_70mm.MP4	0
preview_p075	Coler_D-LogM_70mm.MP4	0
preview_p090	Coler_D-LogM_70mm.MP4	0
ffprobe	Slow_24mm_4K120fps.MP4	0
preview_p010	Slow_24mm_4K120fps.MP4	0
preview_p025	Slow_24mm_4K120fps.MP4	0
preview_p050	Slow_24mm_4K120fps.MP4	0
preview_p075	Slow_24mm_4K120fps.MP4	0
preview_p090	Slow_24mm_4K120fps.MP4	0
ffprobe	Slow_70mm_4K120fps.MP4	0
preview_p025	Slow_70mm_4K120fps.MP4	0
preview_p050	Slow_70mm_4K120fps.MP4	0
preview_p075	Slow_70mm_4K120fps.MP4	0
preview_p090	Slow_70mm_4K120fps.MP4	0
preview_p010_replay	Slow_70mm_4K120fps.MP4	0
