file	sha256	make	model	datetime	iso	exposure_time	fnumber	focal_mm	focal35_mm
air 3s 12 megapixel raw.DNG	d10d4eb28e49a6803903fb4705b5698e346c819f63310b5ccbefa3766392a0ce	DJI	FC9113	2024:11:26 14:42:49	100	1/800	180/100	8670/1000	24
air 3s 3x 12 megapixel raw (1).DNG	68507565c49d70486669678b52d0d321cb9817f460f6dd1562f273a8a06693de	DJI	FC9184	2024:11:26 15:03:03	100	1/200	280/100	19350/1000	70
air 3s 3x 12 megapixel raw.DNG	68507565c49d70486669678b52d0d321cb9817f460f6dd1562f273a8a06693de	DJI	FC9184	2024:11:26 15:03:03	100	1/200	280/100	19350/1000	70
air 3s 3x 48 megapixel raw.DNG	643b759a6bde69bd297209a72199420429f631bca9dafa4baa09cd59429a1dc2	DJI	FC9184	2024:11:26 15:03:11	100	1/250	280/100	19350/1000	70
air 3s high iso 3x 12 megapixels(1).DNG	bd085d12d5fcab8014f2edec4e8690a1a4f659bc791f166a809328c9493aa656	DJI	FC9184	2024:11:27 22:50:13	1600	10/25	280/100	19350/1000	70
air 3s high iso 3x 12 megapixels.DNG	bd085d12d5fcab8014f2edec4e8690a1a4f659bc791f166a809328c9493aa656	DJI	FC9184	2024:11:27 22:50:13	1600	10/25	280/100	19350/1000	70
air 3s high iso 3x 48 megapixels.DNG	c53f9cc830419b5e378fb1ef89505ad8177df1d796cf31d9f92e3393ea369712	DJI	FC9184	2024:11:27 22:51:00	1600	10/25	280/100	19350/1000	70
air 3s low iso 50 megapixel raw.DNG	20a020e9b3a466cf8b7bd272a49ee4b3938d360eb88693920df2b551d9525363	DJI	FC9113	2024:11:26 14:43:02	100	1/725	180/100	8670/1000	24
dji air 3s high iso 1x 12megapixels.DNG	49a84f641baf44fcc0dab567219f6d66e55c15116bc0e16deb6eba3ad540c1f2	DJI	FC9113	2024:11:27 22:49:00	3200	1/20	180/100	8670/1000	24
