clip	sha256	size_bytes	duration_s	codec	width	height	avg_frame_rate	time_base	nb_frames
Air3s_normal.MP4	cc8ace8fc18280d09318d29f5b7dbcc1b7b44d986c2d83035d4421e0d927bcaa	74451639	11.244567	hevc	3840	2160	30000/1001	1/30000	337
Air3s_D-logM.MP4	bd36586cb49e40566ce83bbff31e96c88c3578d880125b24bfbf40fa43e81330	127519330	12.746067	hevc	3840	2160	30000/1001	1/30000	382
Air3s_HLG.MP4	fb59b43c961c36aa897d7dc67d455ff99271a154b1ee368d1d3fdd12c788b87f	162357067	16.182833	hevc	3840	2160	30000/1001	1/30000	485
Air3s_D-logM(1).MP4	052b1ac06dc086df42e8a768c9eb236bf4a67a400a9b2a2cd53c1fe72e81fd9b	156756544	15.715700	hevc	3840	2160	30000/1001	1/30000	471
Coler_normal.MP4	822b61729c2bf068c4a351f9d59930085a81a06c64a38c915100a5e426583e51	180481252	15.448767	hevc	3840	2160	60000/1001	1/60000	926
Coler_HDR.MP4	31bcc92de48b22b32f95187dc1940557f21821fedee0f9f82db2c7ce11338fcf	188664845	15.799117	hevc	3840	2160	60000/1001	1/60000	947
Coler_D-LogM_24mm.MP4	ab84eba120518d2989471bcf1562da74d09af00a8964c262cd356cb7c07e785e	191787467	16.032683	hevc	3840	2160	60000/1001	1/60000	961
Coler_D-LogM_70mm.MP4	3b569dfa71a81ec4618d3ad290c91bdf8fea851d6e99930979592397880c97a6	193194428	16.182833	hevc	3840	2160	60000/1001	1/60000	970
Slow_24mm_4K120fps.MP4	7af1a2f285491b958314b209cd9f59720654fd7a8a4aea85cc9b9e21fd5d99d9	289931570	62.562500	hevc	3840	2160	30000/1001	1/120000	1875
Slow_70mm_4K120fps.MP4	a2504fec6b4720ed7a4cbbbd52d65a0789ca085abb6c80a1f3e97d40f00c6a40	295050094	63.763700	hevc	3840	2160	30000/1001	1/120000	1911
