experiment_id,run_id,source_video_sha256,sample_id,stream_index,source_enumeration_ordinal,raw_pts,pts_time,time_base,source_rgb24_sha256,transform_id,transform_parameters,derived_rgb24_sha256,width,height,source_dtype,derived_dtype,gray_dtype,laplacian_dtype,opencv_version,numpy_version,laplacian_variance,mean_gray_intensity,black_count,white_count,pixel_count,black_fraction,white_fraction,black_clipping_response_for_source,white_clipping_response_for_source
M2-02A-20261002-AIR3S-QUALITY-001,B,cc8ace8fc18280d09318d29f5b7dbcc1b7b44d986c2d83035d4421e0d927bcaa,p10,0,34,34034,1.134467,1/30000,0d93db5b47abe64cff7ac5bd1655c1a152f6232862f456f7e583ba81c085dd42,ORIGINAL,identity,0d93db5b47abe64cff7ac5bd1655c1a152f6232862f456f7e583ba81c085dd42,3840,2160,uint8,uint8,uint8,float64,4.13.0,2.3.5,258.1664827912528,73.49754171489198,793888,504320,8294400,0.095713734567901235,0.060802469135802471,EXERCISED_CONFIRMED,EXERCISED_CONFIRMED
M2-02A-20261002-AIR3S-QUALITY-001,B,cc8ace8fc18280d09318d29f5b7dbcc1b7b44d986c2d83035d4421e0d927bcaa,p10,0,34,34034,1.134467,1/30000,0d93db5b47abe64cff7ac5bd1655c1a152f6232862f456f7e583ba81c085dd42,BLUR_SIGMA4,"GaussianBlur(ksize=(0,0),sigmaX=4.0,sigmaY=4.0,borderType=BORDER_DEFAULT)",7427214bdd27721c13794cf9957b128c89aed1ed1647a1dfdc0f335ef985aeae,3840,2160,uint8,uint8,uint8,float64,4.13.0,2.3.5,1.3808717930152166,73.511823398919759,720834,352372,8294400,0.086906105324074071,0.042483121141975305,EXERCISED_CONFIRMED,EXERCISED_CONFIRMED
M2-02A-20261002-AIR3S-QUALITY-001,B,cc8ace8fc18280d09318d29f5b7dbcc1b7b44d986c2d83035d4421e0d927bcaa,p10,0,34,34034,1.134467,1/30000,0d93db5b47abe64cff7ac5bd1655c1a152f6232862f456f7e583ba81c085dd42,DARK_MINUS96,"astype(int16)-96;clip(0,255);astype(uint8)",8cd6292d6490db898ac25aa970b0fdc6d35c1f3f549673e3659f10c23fda66cd,3840,2160,uint8,uint8,uint8,float64,4.13.0,2.3.5,137.57048707501238,19.012452256944446,6344779,0,8294400,0.76494731385030867,0,EXERCISED_CONFIRMED,EXERCISED_CONFIRMED
M2-02A-20261002-AIR3S-QUALITY-001,B,cc8ace8fc18280d09318d29f5b7dbcc1b7b44d986c2d83035d4421e0d927bcaa,p10,0,34,34034,1.134467,1/30000,0d93db5b47abe64cff7ac5bd1655c1a152f6232862f456f7e583ba81c085dd42,BRIGHT_PLUS96,"astype(int16)+96;clip(0,255);astype(uint8)",5a13cf2f187eeec957f424181e0302ce772049313266c574fe059171601f5da6,3840,2160,uint8,uint8,uint8,float64,4.13.0,2.3.5,205.65699977049536,160.90248758198302,0,973547,8294400,0,0.11737401138117284,EXERCISED_CONFIRMED,EXERCISED_CONFIRMED
M2-02A-20261002-AIR3S-QUALITY-001,B,cc8ace8fc18280d09318d29f5b7dbcc1b7b44d986c2d83035d4421e0d927bcaa,p50,0,168,168168,5.605600,1/30000,5d51447c5db413e2e49037e3802076c06b6b369ed8bc6fed998ca36d16e0f1cc,ORIGINAL,identity,5d51447c5db413e2e49037e3802076c06b6b369ed8bc6fed998ca36d16e0f1cc,3840,2160,uint8,uint8,uint8,float64,4.13.0,2.3.5,259.44819342657763,73.393879846643514,783401,501429,8294400,0.094449387538580246,0.060453920717592591,EXERCISED_CONFIRMED,EXERCISED_CONFIRMED
M2-02A-20261002-AIR3S-QUALITY-001,B,cc8ace8fc18280d09318d29f5b7dbcc1b7b44d986c2d83035d4421e0d927bcaa,p50,0,168,168168,5.605600,1/30000,5d51447c5db413e2e49037e3802076c06b6b369ed8bc6fed998ca36d16e0f1cc,BLUR_SIGMA4,"GaussianBlur(ksize=(0,0),sigmaX=4.0,sigmaY=4.0,borderType=BORDER_DEFAULT)",362aab430c43d423e5c882a60537df56565ed65e33852a6a559d9eb85e8cf778,3840,2160,uint8,uint8,uint8,float64,4.13.0,2.3.5,1.3803216628057933,73.41040617766204,704669,351664,8294400,0.084957200038580247,0.042397762345679012,EXERCISED_CONFIRMED,EXERCISED_CONFIRMED
M2-02A-20261002-AIR3S-QUALITY-001,B,cc8ace8fc18280d09318d29f5b7dbcc1b7b44d986c2d83035d4421e0d927bcaa,p50,0,168,168168,5.605600,1/30000,5d51447c5db413e2e49037e3802076c06b6b369ed8bc6fed998ca36d16e0f1cc,DARK_MINUS96,"astype(int16)-96;clip(0,255);astype(uint8)",8e11a8701253b0157ad77d5087830dad8cde8b35a7aa47baf6efe76b3a11c202,3840,2160,uint8,uint8,uint8,float64,4.13.0,2.3.5,137.40152946272013,18.941924430941359,6349221,0,8294400,0.76548285590277776,0,EXERCISED_CONFIRMED,EXERCISED_CONFIRMED
M2-02A-20261002-AIR3S-QUALITY-001,B,cc8ace8fc18280d09318d29f5b7dbcc1b7b44d986c2d83035d4421e0d927bcaa,p50,0,168,168168,5.605600,1/30000,5d51447c5db413e2e49037e3802076c06b6b369ed8bc6fed998ca36d16e0f1cc,BRIGHT_PLUS96,"astype(int16)+96;clip(0,255);astype(uint8)",c272fe4ec2bf16b339bb65c14487f2c860245f1375f8be4ea89706124fddcdd3,3840,2160,uint8,uint8,uint8,float64,4.13.0,2.3.5,206.80596385049597,160.82400233892747,0,970909,8294400,0,0.11705596547067901,EXERCISED_CONFIRMED,EXERCISED_CONFIRMED
M2-02A-20261002-AIR3S-QUALITY-001,B,cc8ace8fc18280d09318d29f5b7dbcc1b7b44d986c2d83035d4421e0d927bcaa,p90,0,302,302302,10.076733,1/30000,dd59b335099a9173fa66525be80f86cdecb1bf0d13c2c345ae113ea08a71ac4b,ORIGINAL,identity,dd59b335099a9173fa66525be80f86cdecb1bf0d13c2c345ae113ea08a71ac4b,3840,2160,uint8,uint8,uint8,float64,4.13.0,2.3.5,259.39372157700217,75.940783299575614,718724,531184,8294400,0.086651716820987656,0.064041280864197525,EXERCISED_CONFIRMED,EXERCISED_CONFIRMED
M2-02A-20261002-AIR3S-QUALITY-001,B,cc8ace8fc18280d09318d29f5b7dbcc1b7b44d986c2d83035d4421e0d927bcaa,p90,0,302,302302,10.076733,1/30000,dd59b335099a9173fa66525be80f86cdecb1bf0d13c2c345ae113ea08a71ac4b,BLUR_SIGMA4,"GaussianBlur(ksize=(0,0),sigmaX=4.0,sigmaY=4.0,borderType=BORDER_DEFAULT)",f6997c9a25d7f2272df2f73a6aa00be0cb77d2ca88e72c2d48a494e93e85c3cf,3840,2160,uint8,uint8,uint8,float64,4.13.0,2.3.5,1.3974620225588481,75.952867115162036,648422,377404,8294400,0.078175877700617277,0.045501060956790122,EXERCISED_CONFIRMED,EXERCISED_CONFIRMED
M2-02A-20261002-AIR3S-QUALITY-001,B,cc8ace8fc18280d09318d29f5b7dbcc1b7b44d986c2d83035d4421e0d927bcaa,p90,0,302,302302,10.076733,1/30000,dd59b335099a9173fa66525be80f86cdecb1bf0d13c2c345ae113ea08a71ac4b,DARK_MINUS96,"astype(int16)-96;clip(0,255);astype(uint8)",c9b5d51d30bd973076c1ed6b88cc9d169da59c113e085368f544116ef14a7090,3840,2160,uint8,uint8,uint8,float64,4.13.0,2.3.5,142.37762910898883,19.978889130015432,6176516,0,8294400,0.74466097608024695,0,EXERCISED_CONFIRMED,EXERCISED_CONFIRMED
M2-02A-20261002-AIR3S-QUALITY-001,B,cc8ace8fc18280d09318d29f5b7dbcc1b7b44d986c2d83035d4421e0d927bcaa,p90,0,302,302302,10.076733,1/30000,dd59b335099a9173fa66525be80f86cdecb1bf0d13c2c345ae113ea08a71ac4b,BRIGHT_PLUS96,"astype(int16)+96;clip(0,255);astype(uint8)",6da53921a8276e32db482073b96a8c1b7f784cdb264988b98e1ef9b54e21872d,3840,2160,uint8,uint8,uint8,float64,4.13.0,2.3.5,207.53431054653987,163.04578993055554,0,1007883,8294400,0,0.12151367187500001,EXERCISED_CONFIRMED,EXERCISED_CONFIRMED
